perimetre,total_files,successful_files,success_rate,avg_input_tokens,avg_output_tokens,avg_token_ratio
BATCH1_MELTING,19,19,1.0,675.9473684210526,702.7894736842105,1.0490431885599547
BUG_TEST,1,1,1.0,4211.0,4257.0,1.010923771075754
FINFO,10,10,1.0,642.9,645.1,1.003909209982703
OUTREMER,10,10,1.0,557.1,565.2,1.018602004872863
REGIONS,21,21,1.0,552.047619047619,558.6666666666666,0.9748223599127334
